Tipo ,Tiempo nanosegundos,segundos 
HASHMAP,1216158100,1.2161581
TREEMAP,1021837900,1.0218379
LINKEDHASHMAP,1078730300,1.0787303
